{
  "n_ideas": 245,
  "metrics": {
    "lgn": {
      "unguided_mean": 0.18750098432813372,
      "conditions": {
        "deduction": {
          "coef": 0.002839062895093691,
          "ci_low": -0.010579324063657122,
          "ci_high": 0.016257449853844506,
          "p": 0.67836939200227,
          "holm_p": 1.0,
          "cohens_d": 0.0872134154180691,
          "mean": 0.19034004722322737,
          "p_with_length_covariate": 0.6868510287850296
        },
        "induction": {
          "coef": -0.013801964691707023,
          "ci_low": -0.027220351650457837,
          "ci_high": -0.00038357773295620914,
          "p": 0.043800867281078466,
          "holm_p": 0.21900433640539232,
          "cohens_d": -0.39852828999434675,
          "mean": 0.17369901963642664,
          "p_with_length_covariate": 0.04481440744863802
        },
        "proposal_writing": {
          "coef": -0.022206299645560087,
          "ci_low": -0.0356246866043109,
          "ci_high": -0.008787912686809273,
          "p": 0.0011803963524749151,
          "holm_p": 0.007082378114849491,
          "cohens_d": -0.6585811098245605,
          "mean": 0.16529468468257358,
          "p_with_length_covariate": 0.001200068067393113
        },
        "outcome_imagination": {
          "coef": -0.011628368922642254,
          "ci_low": -0.025046755881393067,
          "ci_high": 0.0017900180361085597,
          "p": 0.08941267325638283,
          "holm_p": 0.3576506930255313,
          "cohens_d": -0.3358012773917233,
          "mean": 0.17587261540549143,
          "p_with_length_covariate": 0.0903959111074164
        },
        "literature_comparison": {
          "coef": 0.00025168827601845984,
          "ci_low": -0.013166698682732354,
          "ci_high": 0.013670075234769274,
          "p": 0.9706739879043298,
          "holm_p": 1.0,
          "cohens_d": 0.0076262416969893505,
          "mean": 0.18775267260415213,
          "p_with_length_covariate": 0.9841226214109989
        },
        "small_experiment": {
          "coef": -0.006612120355878512,
          "ci_low": -0.020030507314629326,
          "ci_high": 0.006806266602872302,
          "p": 0.33414279022139115,
          "holm_p": 1.0,
          "cohens_d": -0.18522814037779026,
          "mean": 0.18088886397225515,
          "p_with_length_covariate": 0.39298582342636856
        }
      }
    },
    "j_novelty": {
      "unguided_mean": 5.485714285714286,
      "conditions": {
        "deduction": {
          "coef": 0.4571428571428521,
          "ci_low": 0.211258836427773,
          "ci_high": 0.7030268778579312,
          "p": 0.00026850912217397065,
          "holm_p": 0.0016110547330438238,
          "cohens_d": 0.8105736414612447,
          "mean": 5.942857142857143,
          "p_with_length_covariate": 0.0002865461878517878
        },
        "induction": {
          "coef": -5.041681358112068e-15,
          "ci_low": -0.24588402071508414,
          "ci_high": 0.24588402071507404,
          "p": 0.9999999999999679,
          "holm_p": 1.0,
          "cohens_d": 0.0,
          "mean": 5.485714285714286,
          "p_with_length_covariate": 0.9933871915501266
        },
        "proposal_writing": {
          "coef": -0.05714285714286218,
          "ci_low": -0.30302687785794125,
          "ci_high": 0.1887411635722169,
          "p": 0.6487560892148612,
          "holm_p": 1.0,
          "cohens_d": -0.12454651129560082,
          "mean": 5.428571428571429,
          "p_with_length_covariate": 0.6457726304483994
        },
        "outcome_imagination": {
          "coef": 0.21428571428570928,
          "ci_low": -0.03159830642936981,
          "ci_high": 0.4601697350007884,
          "p": 0.08761945893266271,
          "holm_p": 0.2628583767979881,
          "cohens_d": 0.594225617867162,
          "mean": 5.7,
          "p_with_length_covariate": 0.08909445509921475
        },
        "literature_comparison": {
          "coef": 0.3142857142857093,
          "ci_low": 0.0684016935706302,
          "ci_high": 0.5601697350007884,
          "p": 0.012238212409230806,
          "holm_p": 0.06119106204614032,
          "cohens_d": 0.574609924216442,
          "mean": 5.8,
          "p_with_length_covariate": 0.014395202022658064
        },
        "small_experiment": {
          "coef": -0.3142857142857193,
          "ci_low": -0.5601697350007984,
          "ci_high": -0.06840169357064019,
          "p": 0.012238212409228063,
          "holm_p": 0.06119106204614032,
          "cohens_d": -0.6436209712932626,
          "mean": 5.171428571428572,
          "p_with_length_covariate": 0.019847737383705766
        }
      }
    },
    "j_feasibility": {
      "unguided_mean": 7.2,
      "conditions": {
        "deduction": {
          "coef": -0.2857142857142869,
          "ci_low": -0.6803077388755403,
          "ci_high": 0.10887916744696641,
          "p": 0.15585350862403857,
          "holm_p": 0.23701365924841358,
          "cohens_d": -0.3033007451216398,
          "mean": 6.914285714285715,
          "p_with_length_covariate": 0.13935789766122345
        },
        "induction": {
          "coef": 0.485714285714284,
          "ci_low": 0.09112083255303066,
          "ci_high": 0.8803077388755374,
          "p": 0.01584069584861345,
          "holm_p": 0.07920347924306724,
          "cohens_d": 0.5864658937955641,
          "mean": 7.685714285714286,
          "p_with_length_covariate": 0.014456766041539537
        },
        "proposal_writing": {
          "coef": 0.47142857142856964,
          "ci_low": 0.07683511826731626,
          "ci_high": 0.866022024589823,
          "p": 0.019200891385770514,
          "holm_p": 0.07920347924306724,
          "cohens_d": 0.5439780215340396,
          "mean": 7.671428571428572,
          "p_with_length_covariate": 0.018208505934021516
        },
        "outcome_imagination": {
          "coef": -0.31428571428571594,
          "ci_low": -0.7088791674469692,
          "ci_high": 0.08030773887553738,
          "p": 0.11850682962420679,
          "holm_p": 0.23701365924841358,
          "cohens_d": -0.28770933241686547,
          "mean": 6.885714285714286,
          "p_with_length_covariate": 0.1255114157899406
        },
        "literature_comparison": {
          "coef": -0.37142857142857305,
          "ci_low": -0.7660220245898264,
          "ci_high": 0.023164881732680276,
          "p": 0.06505165856987936,
          "holm_p": 0.19515497570963808,
          "cohens_d": -0.37969475124657265,
          "mean": 6.828571428571428,
          "p_with_length_covariate": 0.05470787120277279
        },
        "small_experiment": {
          "coef": 0.6428571428571411,
          "ci_low": 0.2482636896958878,
          "ci_high": 1.0374505960183944,
          "p": 0.0014075358595790808,
          "holm_p": 0.008445215157474484,
          "cohens_d": 0.7692853156365637,
          "mean": 7.8428571428571425,
          "p_with_length_covariate": 0.001756719837127219
        }
      }
    },
    "j_effectiveness": {
      "unguided_mean": 5.3,
      "conditions": {
        "deduction": {
          "coef": -0.18571428571428134,
          "ci_low": -0.41955482290564505,
          "ci_high": 0.048126251477082355,
          "p": 0.11956839837369132,
          "holm_p": 0.4782735934947653,
          "cohens_d": -0.35002284421336793,
          "mean": 5.114285714285714,
          "p_with_length_covariate": 0.13600460915391385
        },
        "induction": {
          "coef": 4.826615297913253e-15,
          "ci_low": -0.23384053719135883,
          "ci_high": 0.2338405371913685,
          "p": 0.9999999999999677,
          "holm_p": 1.0,
          "cohens_d": 0.0,
          "mean": 5.3,
          "p_with_length_covariate": 0.9768731931403662
        },
        "proposal_writing": {
          "coef": -0.07142857142856661,
          "ci_low": -0.3052691086199303,
          "ci_high": 0.16241196576279704,
          "p": 0.5493812348500994,
          "holm_p": 1.0,